Feature\Product;0;1;2;3;4;5;6;7;8;9;10;11;12;13;14;15;16;17;18;19;20;21;22;23;24;25;26;27;28;29;30;31;32;33;34;35;36;37;38;39;40;41;42;43;44;45;46;47;48;49;50;51;52;53;54;55;56;57;58;59;60;61;62;63;64;65;66;67;68;69;70;71;72;73;74;75;76;77;78;79;80;81;82;83;84;85;86;87;88;89;90;91;92;93;94;95;96;97;98;99;100;101;102;103;104;105;106;107;108;109;110;111;112;113;114;115;116;117;118;119;120;121;122;123;124;125;126;127;128;129;130;131;132;133;134;135;136;137;138;139;140;141;142;143;144;145;146;147;148;149;150;151;152;153;154;155;156;157;158;159;160;161;162;163;164;165;166;167;168;169;170;171;172;173;174;175;176;177;
mysqlDev;-;-;-;-;X;-;-;-;-;-;X;-;-;-;-;X;X;-;-;-;-;-;-;-;-;-;X;-;-;X;X;-;X;-;-;-;-;-;-;-;-;-;X;X;-;-;-;-;-;-;-;-;-;-;-;-;-;-;-;X;X;-;-;-;X;-;-;-;-;-;-;X;-;-;-;-;-;-;-;-;-;-;-;-;X;-;X;-;-;X;-;-;X;-;-;-;-;-;-;X;-;-;-;-;-;X;-;-;-;-;X;-;X;X;-;-;X;-;-;-;-;X;X;-;-;-;-;-;-;-;-;X;X;-;-;-;-;-;X;-;-;-;-;-;-;-;X;-;-;-;-;X;-;-;-;-;-;-;-;-;-;-;-;-;-;X;-;-;X;-;-;-;X;-;X;-;-;-;
devDatabaseType;-;X;X;X;X;X;-;X;X;-;X;-;-;-;X;X;X;X;X;X;-;-;-;-;-;-;X;-;X;X;X;X;X;X;-;X;X;-;-;-;-;-;X;X;X;X;-;-;X;X;X;X;X;-;-;-;X;X;X;X;X;X;X;X;X;X;X;X;-;-;X;X;-;-;-;X;X;-;-;X;-;X;X;X;X;X;X;X;-;X;-;-;X;-;-;X;X;-;-;X;X;-;X;-;-;X;X;X;X;-;X;-;X;X;X;-;X;-;X;X;-;X;X;X;X;-;X;X;-;X;-;X;X;-;X;X;-;-;X;-;X;-;X;X;X;X;X;-;X;-;-;X;-;X;-;-;-;-;-;X;X;-;X;X;-;X;X;X;X;X;-;X;X;X;X;X;-;X;
h2Memory;-;-;X;-;-;X;-;X;X;-;-;-;-;-;X;-;-;-;X;-;-;-;-;-;-;-;-;-;X;-;-;X;-;-;-;X;-;-;-;-;-;-;-;-;X;X;-;-;X;-;-;-;X;-;-;-;X;X;-;-;-;-;-;-;-;-;X;X;-;-;X;-;-;-;-;X;X;-;-;X;-;X;-;-;-;-;-;-;-;-;-;-;-;-;-;-;X;-;-;-;-;-;X;-;-;-;-;X;-;-;-;-;-;-;-;-;-;-;-;X;-;-;-;X;X;-;X;X;-;-;-;-;-;-;X;-;-;-;-;-;X;-;-;-;-;-;-;-;X;-;-;-;-;-;-;-;-;-;-;-;-;-;-;X;-;-;-;-;-;X;-;X;-;-;-;X;-;X;
xauth;X;X;-;-;X;X;X;-;-;-;-;-;-;-;X;-;-;X;-;-;-;-;X;X;-;-;X;X;-;-;X;-;-;-;-;-;X;-;-;-;-;X;X;-;X;-;X;-;-;-;X;-;X;-;-;X;-;-;X;X;-;-;-;-;-;-;-;-;-;X;X;-;X;-;X;-;-;-;-;X;-;-;-;-;-;-;X;X;-;-;-;-;-;X;X;X;-;-;-;X;X;-;X;X;X;-;-;X;X;X;-;-;-;-;-;-;-;-;-;X;X;X;-;X;-;-;X;-;-;-;X;-;-;-;-;X;X;-;X;-;-;-;X;-;-;-;-;-;-;-;X;-;-;-;X;-;X;-;-;-;-;-;-;-;-;-;X;-;X;-;-;X;X;-;-;-;X;-;
authentification;X;X;X;X;X;X;X;X;X;X;X;X;X;X;X;X;X;X;X;X;X;X;X;X;X;X;X;X;X;X;X;X;X;X;X;X;X;X;X;X;X;X;X;X;X;X;X;X;X;X;X;X;X;X;X;X;X;X;X;X;X;X;X;X;X;X;X;X;X;X;X;X;X;X;X;X;X;X;X;X;X;X;X;X;X;X;X;X;X;X;X;X;X;X;X;X;X;X;X;X;X;X;X;X;X;X;X;X;X;X;X;X;X;X;X;X;X;X;X;X;X;X;X;X;X;X;X;X;X;X;X;X;X;X;X;X;X;X;X;X;X;X;X;X;X;X;X;X;X;X;X;X;X;X;X;X;X;X;X;X;X;X;X;X;X;X;X;X;X;X;X;X;X;X;X;X;X;X;
java8;-;-;-;X;X;-;X;-;X;-;X;X;-;-;-;-;-;-;-;-;X;X;-;-;-;-;-;X;X;-;-;-;X;-;X;-;X;X;X;X;-;X;X;X;-;-;-;-;X;-;-;X;-;X;X;-;-;X;-;X;X;-;-;-;X;X;X;-;X;-;X;-;X;-;X;-;-;-;-;-;-;X;-;-;X;X;-;-;X;-;-;-;-;-;-;X;X;X;-;-;X;-;X;-;-;-;X;X;-;-;X;X;-;X;-;-;-;-;X;-;X;-;X;X;-;X;X;-;-;X;X;-;X;X;-;-;X;-;-;X;X;-;-;-;-;X;X;X;-;X;-;-;X;X;X;X;X;X;-;X;X;X;-;X;X;-;X;X;X;X;X;X;-;X;X;X;-;X;
javaVersion;X;X;X;X;X;X;X;X;X;X;X;X;X;X;X;X;X;X;X;X;X;X;X;X;X;X;X;X;X;X;X;X;X;X;X;X;X;X;X;X;X;X;X;X;X;X;X;X;X;X;X;X;X;X;X;X;X;X;X;X;X;X;X;X;X;X;X;X;X;X;X;X;X;X;X;X;X;X;X;X;X;X;X;X;X;X;X;X;X;X;X;X;X;X;X;X;X;X;X;X;X;X;X;X;X;X;X;X;X;X;X;X;X;X;X;X;X;X;X;X;X;X;X;X;X;X;X;X;X;X;X;X;X;X;X;X;X;X;X;X;X;X;X;X;X;X;X;X;X;X;X;X;X;X;X;X;X;X;X;X;X;X;X;X;X;X;X;X;X;X;X;X;X;X;X;X;X;X;
Client;X;X;X;X;X;X;X;X;X;X;X;X;X;X;X;X;X;X;X;X;X;X;X;X;X;X;X;X;X;X;X;X;X;X;X;X;X;X;X;X;X;X;X;X;X;X;X;X;X;X;X;X;X;X;X;X;X;X;X;X;X;X;X;X;X;X;X;X;X;X;X;X;X;X;X;X;X;X;X;X;X;X;X;X;X;X;X;X;X;X;X;X;X;X;X;X;X;X;X;X;X;X;X;X;X;X;X;X;X;X;X;X;X;X;X;X;X;X;X;X;X;X;X;X;X;X;X;X;X;X;X;X;X;X;X;X;X;X;X;X;X;X;X;X;X;X;X;X;X;X;X;X;X;X;X;X;X;X;X;X;X;X;X;X;X;X;X;X;X;X;X;X;X;X;X;X;X;X;
Build;X;X;X;X;X;X;X;X;X;X;X;X;X;X;X;X;X;X;X;X;X;X;X;X;X;X;X;X;X;X;X;X;X;X;X;X;X;X;X;X;X;X;X;X;X;X;X;X;X;X;X;X;X;X;X;X;X;X;X;X;X;X;X;X;X;X;X;X;X;X;X;X;X;X;X;X;X;X;X;X;X;X;X;X;X;X;X;X;X;X;X;X;X;X;X;X;X;X;X;X;X;X;X;X;X;X;X;X;X;X;X;X;X;X;X;X;X;X;X;X;X;X;X;X;X;X;X;X;X;X;X;X;X;X;X;X;X;X;X;X;X;X;X;X;X;X;X;X;X;X;X;X;X;X;X;X;X;X;X;X;X;X;X;X;X;X;X;X;X;X;X;X;X;X;X;X;X;X;
maven;-;X;-;X;-;-;X;-;X;X;-;-;-;-;X;X;X;-;X;X;X;X;X;-;-;X;-;-;X;X;X;-;X;X;-;-;-;X;X;-;X;X;-;-;-;-;X;X;-;-;X;-;X;-;-;X;-;X;-;X;-;-;X;-;X;-;X;X;-;-;-;X;-;X;X;-;-;X;X;X;X;X;-;-;-;X;-;X;-;X;-;X;-;-;X;X;-;-;X;X;X;-;X;X;-;-;X;X;-;-;-;X;-;-;X;X;X;X;-;-;X;-;X;X;X;-;X;X;X;-;-;X;X;X;-;-;-;-;X;-;-;X;X;X;-;-;X;X;X;X;-;X;-;X;X;X;X;-;-;X;X;-;X;X;X;X;X;-;X;X;X;X;X;X;X;X;X;X;
Server;X;X;X;X;X;X;X;X;X;X;X;X;X;X;X;X;X;X;X;X;X;X;X;X;X;X;X;X;X;X;X;X;X;X;X;X;X;X;X;X;X;X;X;X;X;X;X;X;X;X;X;X;X;X;X;X;X;X;X;X;X;X;X;X;X;X;X;X;X;X;X;X;X;X;X;X;X;X;X;X;X;X;X;X;X;X;X;X;X;X;X;X;X;X;X;X;X;X;X;X;X;X;X;X;X;X;X;X;X;X;X;X;X;X;X;X;X;X;X;X;X;X;X;X;X;X;X;X;X;X;X;X;X;X;X;X;X;X;X;X;X;X;X;X;X;X;X;X;X;X;X;X;X;X;X;X;X;X;X;X;X;X;X;X;X;X;X;X;X;X;X;X;X;X;X;X;X;X;
hazelcast;-;X;X;X;X;-;-;X;-;-;-;-;-;-;X;X;-;X;X;-;-;-;-;-;-;-;X;-;X;X;-;X;-;-;-;-;X;-;-;-;-;-;-;X;X;-;-;-;X;-;X;X;-;-;-;-;-;-;-;-;X;-;-;X;X;-;-;-;-;-;-;-;-;-;-;-;X;-;-;X;-;-;X;X;-;X;-;X;-;X;-;-;-;-;-;-;-;-;-;X;-;-;X;-;-;X;X;-;-;-;X;-;-;-;X;-;-;-;-;-;-;X;-;-;X;-;X;-;-;X;-;-;X;-;-;-;-;-;X;-;X;-;-;X;-;-;-;-;-;-;-;-;-;-;-;-;-;-;-;-;-;-;-;X;-;X;-;-;-;X;-;X;-;X;-;-;-;-;
hibernateCache;-;X;X;X;X;X;-;X;X;-;X;-;-;-;X;X;-;X;X;X;-;-;-;-;-;-;X;-;X;X;X;X;X;X;-;-;X;-;-;-;-;-;X;X;X;X;-;-;X;-;X;X;X;-;-;-;-;-;X;-;X;X;-;X;X;-;-;-;-;-;X;X;-;-;-;X;X;-;-;X;-;X;X;X;-;X;-;X;-;X;-;-;X;-;-;X;-;-;-;X;-;-;X;-;-;X;X;-;-;-;X;-;-;X;X;-;X;-;X;-;-;X;-;X;X;-;X;X;-;X;-;-;X;-;X;X;-;-;X;-;X;-;-;X;-;-;X;-;-;-;-;X;-;X;-;-;-;-;-;-;-;-;X;X;-;X;X;X;-;X;-;X;X;X;-;X;-;X;
graddle;X;-;X;-;X;X;-;X;-;-;X;X;X;X;-;-;-;X;-;-;-;-;-;X;X;-;X;X;-;-;-;X;-;-;X;X;X;-;-;X;-;-;X;X;X;X;-;-;X;X;-;X;-;X;X;-;X;-;X;-;X;X;-;X;-;X;-;-;X;X;X;-;X;-;-;X;X;-;-;-;-;-;X;X;X;-;X;-;X;-;X;-;X;X;-;-;X;X;-;-;-;X;-;-;X;X;-;-;X;X;X;-;X;X;-;-;-;-;X;X;-;X;-;-;-;X;-;-;-;X;X;-;-;-;X;X;X;X;-;X;X;-;-;-;X;X;-;-;-;-;X;-;X;-;-;-;-;X;X;-;-;X;-;-;-;-;-;X;-;-;-;-;-;-;-;-;-;-;
mysql;-;-;-;-;X;-;-;X;-;-;X;-;-;-;-;X;X;-;X;-;-;-;-;-;-;-;X;-;-;X;X;-;X;-;-;-;-;-;-;-;-;-;X;X;X;X;-;-;X;-;-;-;X;-;-;-;X;X;-;X;X;-;-;-;X;-;-;-;-;-;-;X;-;-;-;X;X;-;-;X;-;-;-;-;X;-;X;-;-;X;-;-;X;-;-;-;-;-;-;X;-;-;-;-;-;X;-;X;-;-;X;-;X;X;-;-;X;-;-;-;-;X;X;X;X;-;X;-;-;-;-;X;X;-;-;-;-;-;X;-;X;-;-;-;-;-;X;-;X;-;-;X;-;-;-;-;-;-;-;-;-;-;-;X;-;X;-;-;X;X;-;X;X;-;X;X;-;X;
prodDatabaseType;-;X;X;X;X;X;-;X;X;-;X;-;-;-;X;X;X;X;X;X;-;-;-;-;-;-;X;-;X;X;X;X;X;X;-;X;X;-;-;-;-;-;X;X;X;X;-;-;X;X;X;X;X;-;-;-;X;X;X;X;X;X;X;X;X;X;X;X;-;-;X;X;-;-;-;X;X;-;-;X;-;X;X;X;X;X;X;X;-;X;-;-;X;-;-;X;X;-;-;X;X;-;X;-;-;X;X;X;X;-;X;-;X;X;X;-;X;-;X;X;-;X;X;X;X;-;X;X;-;X;-;X;X;-;X;X;-;-;X;-;X;-;X;X;X;X;X;-;X;-;-;X;-;X;-;-;-;-;-;X;X;-;X;X;-;X;X;X;X;X;-;X;X;X;X;X;-;X;
sql;-;X;X;X;X;X;-;X;X;-;X;-;-;-;X;X;X;X;X;X;-;-;-;-;-;-;X;-;X;X;X;X;X;X;-;X;X;-;-;-;-;-;X;X;X;X;-;-;X;X;X;X;X;-;-;-;X;X;X;X;X;X;X;X;X;X;X;X;-;-;X;X;-;-;-;X;X;-;-;X;-;X;X;X;X;X;X;X;-;X;-;-;X;-;-;X;X;-;-;X;X;-;X;-;-;X;X;X;X;-;X;-;X;X;X;-;X;-;X;X;-;X;X;X;X;-;X;X;-;X;-;X;X;-;X;X;-;-;X;-;X;-;X;X;X;X;X;-;X;-;-;X;-;X;-;-;-;-;-;X;X;-;X;X;-;X;X;X;X;X;-;X;X;X;X;X;-;X;
grunt;X;X;X;X;X;X;X;X;X;X;X;X;X;X;X;X;X;X;X;X;X;X;X;X;X;X;X;X;X;X;X;X;X;X;X;X;X;X;X;X;X;X;X;X;X;X;X;X;X;X;X;X;X;X;X;X;X;X;X;X;X;X;X;X;X;X;X;X;X;X;X;X;X;X;X;X;X;X;X;X;X;X;X;X;X;X;X;X;X;X;X;X;X;X;X;X;X;X;X;X;X;X;X;X;X;X;X;X;X;X;X;X;X;X;X;X;X;X;X;X;X;X;X;X;X;X;X;X;X;X;X;X;X;X;X;X;X;X;X;X;X;X;X;X;X;X;X;X;X;X;X;X;X;X;X;X;X;X;X;X;X;X;X;X;X;X;X;X;X;X;X;X;X;X;X;X;X;X;
session;-;-;-;-;-;-;-;-;-;-;X;-;X;X;-;X;-;-;-;X;X;X;-;-;-;X;-;-;X;X;-;X;X;X;X;-;-;-;-;-;-;-;-;-;-;X;-;-;-;X;-;X;-;-;-;-;X;X;-;-;X;-;-;-;-;-;X;X;X;-;-;-;-;-;-;-;X;X;X;-;X;X;-;X;-;X;-;-;-;-;X;X;X;-;-;-;-;-;-;-;-;X;-;-;-;-;X;-;-;-;X;-;X;-;-;X;-;-;-;-;-;-;X;-;X;X;-;-;X;X;-;-;-;X;X;-;-;-;-;-;X;X;-;-;X;X;X;X;-;-;-;-;X;X;-;-;-;X;-;-;X;-;-;X;-;X;-;X;-;-;-;-;-;X;X;-;-;X;
oracle;-;-;-;-;-;-;-;-;-;-;-;-;-;-;-;-;-;-;-;-;-;-;-;-;-;-;-;-;-;-;-;-;-;-;-;-;-;-;-;-;-;-;-;-;-;-;-;-;-;-;-;-;-;-;-;-;-;-;-;-;-;-;-;-;-;-;-;-;-;-;-;-;-;-;-;-;-;-;-;-;-;-;-;-;-;-;-;-;-;-;-;-;-;-;-;-;-;-;-;-;-;-;-;-;-;-;-;-;-;-;-;-;-;-;-;-;-;-;-;-;-;-;-;-;-;-;-;-;-;-;-;-;-;-;-;-;-;-;-;-;-;-;-;-;-;-;-;-;-;-;-;-;-;-;-;-;-;-;-;-;-;-;-;-;-;-;-;-;-;-;-;-;-;-;-;-;-;-;
clusteredHttpSession;-;X;X;X;X;-;-;-;-;-;-;-;-;-;-;X;-;-;X;-;-;-;-;-;-;-;X;-;X;X;-;X;-;-;-;-;X;-;-;-;-;-;-;X;X;-;-;-;X;-;X;X;-;-;-;-;-;-;-;-;-;-;-;X;-;-;-;-;-;-;-;-;-;-;-;-;X;-;-;-;-;-;-;X;-;-;-;X;-;X;-;-;-;-;-;-;-;-;-;X;-;-;X;-;-;X;X;-;-;-;X;-;-;-;X;-;-;-;-;-;-;-;-;-;-;-;X;-;-;-;-;-;X;-;-;-;-;-;X;-;-;-;-;X;-;-;-;-;-;-;-;-;-;-;-;-;-;-;-;-;-;-;-;X;-;X;-;-;-;X;-;-;-;X;-;-;-;-;
Base;X;X;X;X;X;X;X;X;X;X;X;X;X;X;X;X;X;X;X;X;X;X;X;X;X;X;X;X;X;X;X;X;X;X;X;X;X;X;X;X;X;X;X;X;X;X;X;X;X;X;X;X;X;X;X;X;X;X;X;X;X;X;X;X;X;X;X;X;X;X;X;X;X;X;X;X;X;X;X;X;X;X;X;X;X;X;X;X;X;X;X;X;X;X;X;X;X;X;X;X;X;X;X;X;X;X;X;X;X;X;X;X;X;X;X;X;X;X;X;X;X;X;X;X;X;X;X;X;X;X;X;X;X;X;X;X;X;X;X;X;X;X;X;X;X;X;X;X;X;X;X;X;X;X;X;X;X;X;X;X;X;X;X;X;X;X;X;X;X;X;X;X;X;X;X;X;X;X;
hazelcastCluster;-;X;X;X;X;-;-;-;-;-;-;-;-;-;-;X;-;-;X;-;-;-;-;-;-;-;X;-;X;X;-;X;-;-;-;-;X;-;-;-;-;-;-;X;X;-;-;-;X;-;X;X;-;-;-;-;-;-;-;-;-;-;-;X;-;-;-;-;-;-;-;-;-;-;-;-;X;-;-;-;-;-;-;X;-;-;-;X;-;X;-;-;-;-;-;-;-;-;-;X;-;-;X;-;-;X;X;-;-;-;X;-;-;-;X;-;-;-;-;-;-;-;-;-;-;-;X;-;-;-;-;-;X;-;-;-;-;-;X;-;-;-;-;X;-;-;-;-;-;-;-;-;-;-;-;-;-;-;-;-;-;-;-;X;-;X;-;-;-;X;-;-;-;X;-;-;-;-;
gulp;-;-;-;-;-;-;-;-;-;-;-;-;-;-;-;-;-;-;-;-;-;-;-;-;-;-;-;-;-;-;-;-;-;-;-;-;-;-;-;-;-;-;-;-;-;-;-;-;-;-;-;-;-;-;-;-;-;-;-;-;-;-;-;-;-;-;-;-;-;-;-;-;-;-;-;-;-;-;-;-;-;-;-;-;-;-;-;-;-;-;-;-;-;-;-;-;-;-;-;-;-;-;-;-;-;-;-;-;-;-;-;-;-;-;-;-;-;-;-;-;-;-;-;-;-;-;-;-;-;-;-;-;-;-;-;-;-;-;-;-;-;-;-;-;-;-;-;-;-;-;-;-;-;-;-;-;-;-;-;-;-;-;-;-;-;-;-;-;-;-;-;-;-;-;-;-;-;-;
java7;X;X;X;-;-;X;-;X;-;X;-;-;X;X;X;X;X;X;X;X;-;-;X;X;X;X;X;-;-;X;X;X;-;X;-;X;-;-;-;-;X;-;-;-;X;X;X;X;-;X;X;-;X;-;-;X;X;-;X;-;-;X;X;X;-;-;-;X;-;X;-;X;-;X;-;X;X;X;X;X;X;-;X;X;-;-;X;X;-;X;X;X;X;X;X;-;-;-;X;X;-;X;-;X;X;X;-;-;X;X;-;-;X;-;X;X;X;X;-;X;-;X;-;-;X;-;-;X;X;-;-;X;-;-;X;X;-;X;X;-;-;X;X;X;X;-;-;-;X;-;X;X;-;-;-;-;-;-;X;-;-;-;X;-;-;X;-;-;-;-;-;-;X;-;-;-;X;-;
mongodb;-;-;-;-;-;-;X;-;-;-;-;-;-;-;-;-;-;-;-;-;-;-;-;-;X;X;-;X;-;-;-;-;-;-;X;-;-;-;X;X;X;X;-;-;-;-;-;-;-;-;-;-;-;-;-;-;-;-;-;-;-;-;-;-;-;-;-;-;-;-;-;-;-;-;-;-;-;-;-;-;X;-;-;-;-;-;-;-;-;-;-;-;-;-;-;-;-;X;-;-;-;X;-;X;X;-;-;-;-;-;-;-;-;-;-;-;-;X;-;-;-;-;-;-;-;-;-;-;-;-;-;-;-;-;-;-;X;-;-;-;-;-;-;-;-;-;-;X;-;-;X;-;-;-;-;-;X;X;-;-;-;X;-;-;-;-;-;-;-;-;-;-;-;-;-;-;-;-;
databaseType;-;X;X;X;X;X;X;X;X;X;X;-;X;X;X;X;X;X;X;X;-;-;X;X;X;X;X;X;X;X;X;X;X;X;X;X;X;X;X;X;X;X;X;X;X;X;-;-;X;X;X;X;X;X;X;X;X;X;X;X;X;X;X;X;X;X;X;X;-;-;X;X;-;-;-;X;X;X;X;X;X;X;X;X;X;X;X;X;X;X;-;-;X;X;X;X;X;X;X;X;X;X;X;X;X;X;X;X;X;X;X;X;X;X;X;X;X;X;X;X;-;X;X;X;X;-;X;X;X;X;-;X;X;-;X;X;X;X;X;-;X;X;X;X;X;X;X;X;X;-;X;X;-;X;-;X;X;X;-;X;X;X;X;X;-;X;X;X;X;X;X;X;X;X;X;X;X;X;
websocket;-;X;-;X;X;X;X;-;-;X;-;X;-;X;X;X;-;-;-;X;X;-;-;-;-;X;-;-;-;X;-;-;X;-;-;X;X;X;X;X;-;X;X;-;X;-;X;-;X;X;-;X;X;-;-;X;X;X;-;-;-;X;-;-;X;X;-;-;X;X;-;X;-;X;X;-;-;X;X;-;-;X;-;-;X;-;X;-;X;-;X;-;-;-;-;X;-;X;-;X;-;X;X;-;X;X;-;-;X;X;X;-;-;-;-;-;X;X;-;X;-;X;X;X;-;-;-;X;X;X;-;-;-;X;X;X;-;X;-;X;X;-;X;-;X;-;-;-;-;-;-;-;-;-;X;X;-;X;-;-;-;-;-;X;-;-;-;-;-;-;-;-;-;-;-;X;X;-;
springwebsocket;-;X;-;X;X;X;X;-;-;X;-;X;-;X;X;X;-;-;-;X;X;-;-;-;-;X;-;-;-;X;-;-;X;-;-;X;X;X;X;X;-;X;X;-;X;-;X;-;X;X;-;X;X;-;-;X;X;X;-;-;-;X;-;-;X;X;-;-;X;X;-;X;-;X;X;-;-;X;X;-;-;X;-;-;X;-;X;-;X;-;X;-;-;-;-;X;-;X;-;X;-;X;X;-;X;X;-;-;X;X;X;-;-;-;-;-;X;X;-;X;-;X;X;X;-;-;-;X;X;X;-;-;-;X;X;X;-;X;-;X;X;-;X;-;X;-;-;-;-;-;-;-;-;-;X;X;-;X;-;-;-;-;-;X;-;-;-;-;-;-;-;-;-;-;-;X;X;-;
useCompass;-;X;X;-;-;-;X;X;X;-;X;-;X;-;-;X;-;X;-;X;X;X;X;-;X;-;X;-;X;-;X;-;-;-;-;X;X;X;-;X;X;-;-;X;X;-;X;X;-;-;X;-;X;-;X;X;X;-;-;X;-;X;X;-;X;X;-;X;X;-;X;-;X;-;-;X;-;X;-;-;-;-;-;-;X;X;-;-;X;X;X;-;X;-;-;-;-;X;X;-;-;X;-;X;-;X;-;X;X;X;X;X;X;-;X;-;X;-;-;-;X;X;-;X;X;-;-;-;-;X;X;-;-;-;-;X;X;-;-;X;X;-;-;-;X;-;-;X;-;X;-;X;-;X;-;-;-;X;-;-;-;-;-;-;-;-;-;-;-;-;-;-;-;X;-;-;-;X;
oracleDev;-;-;-;-;-;-;-;-;-;-;-;-;-;-;-;-;-;-;-;-;-;-;-;-;-;-;-;-;-;-;-;-;-;-;-;-;-;-;-;-;-;-;-;-;-;-;-;-;-;-;-;-;-;-;-;-;-;-;-;-;-;-;-;-;-;-;-;-;-;-;-;-;-;-;-;-;-;-;-;-;-;-;-;-;-;-;-;-;-;-;-;-;-;-;-;-;-;-;-;-;-;-;-;-;-;-;-;-;-;-;-;-;-;-;-;-;-;-;-;-;-;-;-;-;-;-;-;-;-;-;-;-;-;-;-;-;-;-;-;-;-;-;-;-;-;-;-;-;-;-;-;-;-;-;-;-;-;-;-;-;-;-;-;-;-;-;-;-;-;-;-;-;-;-;-;-;-;-;
oauth2;-;-;X;X;-;-;-;X;X;X;-;X;-;-;-;-;X;-;X;-;-;-;-;-;X;-;-;-;-;-;-;-;-;-;-;X;-;X;X;X;X;-;-;X;-;-;-;X;X;-;-;-;-;X;X;-;-;-;-;-;-;X;X;X;X;X;-;-;-;-;-;X;-;X;-;X;-;-;-;-;-;-;X;-;X;-;-;-;X;X;-;-;-;-;-;-;X;X;X;-;-;-;-;-;-;X;-;-;-;-;-;X;-;X;X;-;X;X;X;-;-;-;-;-;-;-;-;X;-;-;-;X;X;-;-;-;-;X;-;X;-;-;-;X;-;-;-;-;X;X;-;X;-;-;-;X;-;-;X;X;-;X;X;-;X;-;-;-;-;X;X;-;-;-;-;X;-;-;
ehcache;-;-;-;-;-;X;-;-;X;-;X;-;-;-;-;-;-;-;-;X;-;-;-;-;-;-;-;-;-;-;X;-;X;X;-;-;-;-;-;-;-;-;X;-;-;X;-;-;-;-;-;-;X;-;-;-;-;-;X;-;-;X;-;-;-;-;-;-;-;-;X;X;-;-;-;X;-;-;-;-;-;X;-;-;-;-;-;-;-;-;-;-;X;-;-;X;-;-;-;-;-;-;-;-;-;-;-;-;-;-;-;-;-;X;-;-;X;-;X;-;-;-;-;X;-;-;-;X;-;-;-;-;-;-;X;X;-;-;-;-;-;-;-;-;-;-;X;-;-;-;-;X;-;X;-;-;-;-;-;-;-;-;X;-;-;-;X;X;-;-;-;-;X;-;-;X;-;X;
cassandra;-;-;-;-;-;-;-;-;-;X;-;-;X;X;-;-;-;-;-;-;-;-;X;X;-;-;-;-;-;-;-;-;-;-;-;-;-;X;-;-;-;-;-;-;-;-;-;-;-;-;-;-;-;X;X;X;-;-;-;-;-;-;-;-;-;-;-;-;-;-;-;-;-;-;-;-;-;X;X;-;-;-;-;-;-;-;-;-;X;-;-;-;-;X;X;-;-;-;X;-;-;-;-;-;-;-;-;-;-;X;-;X;-;-;-;X;-;-;-;-;-;-;-;-;-;-;-;-;X;-;-;-;-;-;-;-;-;X;-;-;-;X;-;-;-;-;-;-;-;-;-;-;-;-;-;X;-;-;-;-;-;-;-;-;-;-;-;-;-;-;X;-;-;-;-;-;X;-;
elasticsearch;-;X;X;-;-;X;X;-;-;-;-;X;X;-;-;X;X;X;X;-;X;-;X;-;-;X;-;-;-;X;X;-;-;X;X;X;-;X;-;-;X;X;-;-;X;X;-;X;-;X;-;-;X;X;-;X;X;-;-;-;-;X;X;-;-;-;-;X;-;X;-;-;-;-;X;X;X;-;X;X;-;-;X;X;-;-;X;X;-;X;X;-;X;X;-;-;-;X;X;-;-;-;-;X;-;X;-;-;-;-;-;X;X;-;X;X;X;X;-;X;X;X;-;-;X;X;-;-;-;-;X;-;-;-;X;X;-;X;X;-;-;-;X;X;X;-;-;-;-;X;X;X;-;-;-;-;-;X;X;-;-;-;X;-;-;-;-;-;-;-;-;-;X;-;-;-;-;-;
searchEngine;-;X;X;-;-;X;X;-;-;-;-;X;X;-;-;X;X;X;X;-;X;-;X;-;-;X;-;-;-;X;X;-;-;X;X;X;-;X;-;-;X;X;-;-;X;X;-;X;-;X;-;-;X;X;-;X;X;-;-;-;-;X;X;-;-;-;-;X;-;X;-;-;-;-;X;X;X;-;X;X;-;-;X;X;-;-;X;X;-;X;X;-;X;X;-;-;-;X;X;-;-;-;-;X;-;X;-;-;-;-;-;X;X;-;X;X;X;X;-;X;X;X;-;-;X;X;-;-;-;-;X;-;-;-;X;X;-;X;X;-;-;-;X;X;X;-;-;-;-;X;X;X;-;-;-;-;-;X;X;-;-;-;X;-;-;-;-;-;-;-;-;-;X;-;-;-;-;-;
enableTranslation;-;X;-;X;-;-;X;X;X;X;-;-;X;-;X;X;X;-;-;-;X;X;X;X;-;-;X;-;-;-;X;X;X;X;-;X;-;-;X;X;X;-;X;-;X;-;X;-;-;-;-;X;X;-;-;X;X;-;X;-;X;X;X;X;-;-;-;-;-;X;X;-;-;X;X;-;X;-;X;-;X;-;X;-;X;X;-;-;X;-;-;X;X;-;-;X;X;-;-;X;X;X;X;X;-;X;-;X;-;-;X;X;X;-;X;-;-;-;-;-;-;-;-;-;X;X;-;-;X;-;X;-;X;-;X;-;-;-;-;X;-;-;X;-;-;X;-;-;-;-;X;X;-;-;-;X;X;X;X;-;-;-;X;X;-;-;-;-;X;X;-;-;-;-;X;-;-;-;
postgresqlDev;-;X;-;X;-;-;-;-;-;-;-;-;-;-;-;-;-;X;-;X;-;-;-;-;-;-;-;-;-;-;-;-;-;X;-;-;X;-;-;-;-;-;-;-;-;-;-;-;-;X;X;X;-;-;-;-;-;-;X;-;-;X;X;X;-;X;-;-;-;-;-;-;-;-;-;-;-;-;-;-;-;-;X;X;-;X;-;X;-;-;-;-;-;-;-;X;-;-;-;-;X;-;-;-;-;-;X;-;X;-;-;-;-;-;X;-;-;-;X;-;-;-;-;-;-;-;-;-;-;X;-;-;-;-;-;X;-;-;-;-;-;-;X;X;X;X;-;-;-;-;-;-;-;X;-;-;-;-;-;X;X;-;X;-;-;-;X;X;-;-;-;-;-;X;-;-;-;-;
postgresql;-;X;X;X;-;X;-;-;X;-;-;-;-;-;X;-;-;X;-;X;-;-;-;-;-;-;-;-;X;-;-;X;-;X;-;X;X;-;-;-;-;-;-;-;-;-;-;-;-;X;X;X;-;-;-;-;-;-;X;-;-;X;X;X;-;X;X;X;-;-;X;-;-;-;-;-;-;-;-;-;-;X;X;X;-;X;-;X;-;-;-;-;-;-;-;X;X;-;-;-;X;-;X;-;-;-;X;-;X;-;-;-;-;-;X;-;-;-;X;X;-;-;-;-;-;-;-;X;-;X;-;-;-;-;X;X;-;-;-;-;-;-;X;X;X;X;-;-;-;-;-;-;-;X;-;-;-;-;-;X;X;-;X;-;-;-;X;X;-;-;-;-;-;X;-;-;-;-;
jhipster;X;X;X;X;X;X;X;X;X;X;X;X;X;X;X;X;X;X;X;X;X;X;X;X;X;X;X;X;X;X;X;X;X;X;X;X;X;X;X;X;X;X;X;X;X;X;X;X;X;X;X;X;X;X;X;X;X;X;X;X;X;X;X;X;X;X;X;X;X;X;X;X;X;X;X;X;X;X;X;X;X;X;X;X;X;X;X;X;X;X;X;X;X;X;X;X;X;X;X;X;X;X;X;X;X;X;X;X;X;X;X;X;X;X;X;X;X;X;X;X;X;X;X;X;X;X;X;X;X;X;X;X;X;X;X;X;X;X;X;X;X;X;X;X;X;X;X;X;X;X;X;X;X;X;X;X;X;X;X;X;X;X;X;X;X;X;X;X;X;X;X;X;X;X;X;X;X;X;
False;-;X;X;-;-;X;X;-;X;-;X;X;-;X;X;-;-;-;-;-;X;-;-;X;X;-;X;X;X;X;-;-;X;-;-;-;-;-;X;-;-;-;X;-;-;-;-;X;X;X;X;X;-;X;-;X;X;-;X;X;-;X;-;-;X;X;-;X;-;X;-;-;X;-;-;X;X;X;X;-;X;X;X;-;-;X;X;-;X;X;-;X;-;-;X;-;X;-;X;X;-;-;-;X;-;X;X;X;X;-;X;-;-;-;X;-;X;X;X;-;X;-;-;X;-;-;X;-;-;-;-;X;-;-;X;-;-;-;-;X;-;X;X;-;-;X;-;X;-;-;-;-;X;X;-;-;-;X;-;-;-;-;-;-;-;-;X;-;-;-;X;-;-;-;X;-;-;-;
